date,open,high,low,close,volume
2020-01-13,1724.9,1789.95,1712.1,1774.75,536820
2020-01-14,1774.5,1818.0,1765.4,1807.0,687344
2020-01-15,1805.0,1819.9,1775.0,1804.55,438185
2020-01-16,1804.0,1804.45,1765.8,1782.95,323490
2020-01-17,1782.0,1818.9,1777.8,1799.1,263017
2020-01-20,1803.0,1805.0,1773.95,1781.2,134513
2020-01-21,1787.4,1818.0,1775.15,1801.65,374093
2020-01-22,1803.3,1896.0,1801.75,1872.65,1210892
2020-01-23,1872.0,2059.5,1857.4,1979.05,1207141
2020-01-24,1976.1,1979.05,1900.15,1932.05,1196651
2020-01-27,1929.0,1957.0,1912.0,1948.85,428335
2020-01-28,1951.0,2034.0,1950.0,2009.1,1231656
2020-01-29,2009.1,2042.55,1921.0,1941.05,1845201
2020-01-30,1935.0,1935.0,1832.05,1849.0,1514678
2020-01-31,1865.0,1964.6,1854.05,1942.45,1129204
2020-02-01,1929.0,1929.0,1845.0,1876.55,450704
2020-02-03,1879.9,1917.9,1868.75,1885.4,341567
2020-02-04,1899.9,1950.0,1897.6,1922.6,458477
2020-02-05,1929.95,1970.7,1921.35,1935.45,366975
2020-02-06,1953.0,1956.95,1880.45,1899.5,244162
2020-02-07,1910.8,1938.0,1876.2,1885.75,364726
2020-02-10,1890.0,1896.0,1833.05,1857.95,268670
2020-02-11,1861.85,1881.9,1823.3,1830.4,233960
2020-02-12,1836.0,1857.2,1781.2,1833.65,490258
2020-02-13,1832.0,1837.5,1800.0,1820.2,620623
2020-02-14,1825.0,1869.3,1825.0,1835.65,453478
2020-02-17,1846.45,1855.9,1792.85,1824.2,208806
2020-02-18,1827.9,1853.7,1806.0,1848.55,278478
2020-02-19,1850.55,1908.9,1844.55,1882.6,666656
2020-02-20,1885.05,1913.85,1845.05,1854.4,511083
2020-02-24,1854.45,1869.35,1829.15,1838.8,266476
2020-02-25,1848.4,1904.7,1841.4,1889.4,710576
2020-02-26,1895.0,1910.0,1853.0,1889.85,550885
2020-02-27,1875.85,1908.95,1860.6,1885.8,369349
2020-02-28,1820.0,1874.0,1667.55,1689.75,791185
2020-03-02,1697.0,1857.45,1697.0,1790.65,1411779
2020-03-03,1808.6,1917.1,1806.15,1901.7,1483311
2020-03-04,1906.4,1985.75,1792.2,1830.65,905618
2020-03-05,1830.0,1880.0,1796.6,1827.65,435452
2020-03-06,1800.0,1801.35,1736.65,1788.05,414794
2020-03-09,1765.0,1770.0,1631.65,1660.9,422301
2020-03-11,1667.0,1668.0,1595.1,1625.9,478474
2020-03-12,1479.55,1551.3,1401.65,1439.65,478545
2020-03-13,1296.0,1571.05,1252.1,1378.7,400395
2020-03-16,1291.0,1341.95,1228.25,1239.55,277815
2020-03-17,1232.1,1260.0,1170.0,1181.9,465562
2020-03-18,1189.25,1209.95,1102.05,1119.25,432196
2020-03-19,1064.0,1099.8,905.55,1035.85,863244
2020-03-20,1139.0,1165.0,994.4,1143.15,646910
2020-03-23,1030.0,1074.95,857.4,864.2,248231
2020-03-24,911.85,1080.25,735.35,1018.95,1063694
2020-03-25,986.0,1273.65,970.05,1242.95,843375
2020-03-26,1253.2,1367.2,1150.1,1169.2,1257919
2020-03-27,1180.0,1275.0,1160.5,1201.25,663879
2020-03-30,1150.0,1201.0,1103.15,1131.15,533300
2020-03-31,1201.0,1217.0,1131.35,1147.75,330841
2020-04-01,1135.0,1205.0,1066.4,1164.1,337957
2020-04-03,1171.1,1182.0,1011.05,1037.55,512848
2020-04-07,1071.0,1116.15,1042.0,1102.55,328969
2020-04-08,1100.0,1159.3,1062.5,1101.0,350000
2020-04-09,1116.15,1151.5,1104.0,1110.85,259795
2020-04-13,1100.0,1110.0,1061.35,1075.35,210552
2020-04-15,1115.0,1131.0,1071.4,1092.3,506393
2020-04-16,1080.0,1115.0,1054.2,1079.1,452690
2020-04-17,1101.0,1164.5,1101.0,1112.2,475932
2020-04-20,1125.0,1136.9,1080.0,1088.35,525659
2020-04-21,1075.0,1075.0,1028.5,1040.85,349913
2020-04-22,1042.0,1099.0,1019.4,1080.75,378375
2020-04-23,1083.5,1220.15,1083.5,1178.65,864933
2020-04-24,1181.0,1199.0,1085.25,1116.1,945001
2020-04-27,1130.0,1173.8,1078.3,1121.5,1040984
2020-04-28,1140.0,1215.9,1136.75,1178.9,1442053
2020-04-29,1185.0,1247.0,1161.75,1181.85,1396991
2020-04-30,1205.0,1245.45,1192.9,1203.45,657726
2020-05-04,1166.0,1225.0,1152.1,1181.5,900476
2020-05-05,1205.0,1235.0,1174.75,1189.75,801208
2020-05-06,1234.9,1448.0,1225.5,1418.8,5148456
2020-05-07,1401.0,1414.35,1350.15,1373.85,1354819
2020-05-08,1385.0,1431.95,1360.1,1402.55,1296521
2020-05-11,1405.05,1465.95,1400.0,1436.6,821363
2020-05-12,1420.0,1454.9,1396.1,1431.0,649246
2020-05-13,1488.0,1488.0,1408.05,1419.25,395733
2020-05-14,1401.0,1404.95,1326.15,1345.4,435909
2020-05-15,1354.95,1375.0,1334.1,1358.65,361711
2020-05-18,1369.85,1390.95,1330.2,1344.35,746100
2020-05-19,1354.25,1407.0,1348.55,1373.8,700013
2020-05-20,1375.0,1424.0,1370.0,1415.15,456700
2020-05-21,1416.0,1452.0,1396.0,1442.25,439237
2020-05-22,1451.0,1573.0,1450.0,1507.05,2494242
2020-05-26,1481.15,1526.35,1462.2,1485.5,598598
2020-05-27,1486.0,1513.65,1468.0,1493.85,650795
2020-05-28,1499.05,1511.35,1456.95,1472.9,472137
2020-05-29,1478.4,1497.0,1445.15,1451.7,547199
2020-06-01,1461.1,1503.0,1446.5,1450.95,626997
2020-06-02,1465.6,1486.6,1448.5,1457.6,457703
2020-06-03,1478.0,1488.0,1440.5,1444.15,627622
2020-06-04,1444.15,1459.85,1430.15,1445.3,368932
2020-06-05,1454.0,1517.9,1451.05,1468.15,1153845
2020-06-08,1480.0,1501.95,1443.2,1450.4,313359
2020-06-09,1459.8,1467.05,1381.7,1414.3,645680
2020-06-10,1425.15,1434.9,1389.25,1404.55,375893
2020-06-11,1406.9,1418.75,1353.05,1366.3,300744
2020-06-12,1302.0,1354.0,1302.0,1343.15,302615
2020-06-15,1345.0,1378.0,1324.5,1332.95,320523
2020-06-16,1351.0,1369.8,1328.05,1347.2,254767
2020-06-17,1335.5,1368.0,1322.0,1338.05,244650
2020-06-18,1338.05,1397.95,1334.4,1370.05,509157
2020-06-19,1384.25,1386.3,1321.5,1330.75,755958
2020-06-22,1332.6,1356.0,1326.85,1336.55,353450
2020-06-23,1335.0,1375.0,1328.1,1369.3,448533
2020-06-24,1380.0,1432.7,1354.9,1387.9,902188
2020-06-25,1362.6,1386.7,1352.0,1378.55,683129
2020-06-26,1390.0,1506.0,1388.0,1461.7,2314144
2020-06-29,1469.5,1469.5,1408.0,1417.7,624987
2020-06-30,1439.2,1439.7,1401.1,1409.2,291679
2020-07-01,1408.6,1418.0,1375.0,1384.95,249512
2020-07-02,1390.0,1444.45,1386.0,1412.95,555304
2020-07-03,1422.8,1444.0,1413.6,1420.35,319136
2020-07-06,1431.0,1461.7,1425.05,1436.25,328947
2020-07-07,1445.0,1577.0,1441.0,1512.75,2654471
2020-07-08,1516.35,1548.8,1490.7,1538.8,749173
2020-07-09,1540.0,1617.0,1540.0,1567.5,1328636
2020-07-10,1565.8,1598.7,1547.2,1592.9,533168
2020-07-13,1594.45,1632.0,1578.5,1587.0,638391
2020-07-14,1583.5,1616.0,1534.95,1541.95,442787
2020-07-15,1558.55,1696.1,1558.5,1688.25,2087733
2020-07-16,1710.7,1760.0,1621.1,1652.75,1638194
2020-07-17,1652.8,1699.5,1635.1,1678.7,611274
2020-07-20,1690.0,1713.0,1666.0,1692.3,285365
2020-07-21,1720.0,1724.0,1660.25,1668.25,338345
2020-07-22,1674.0,1678.2,1632.75,1647.3,225606
2020-07-23,1653.9,1673.0,1622.0,1635.35,263689
2020-07-24,1619.95,1719.0,1613.85,1700.1,1191324
2020-07-27,1710.0,1802.95,1693.8,1769.55,1834311
2020-07-28,1774.0,1797.0,1725.25,1767.4,1077078
2020-07-29,1811.0,1894.25,1772.55,1862.85,2979732
2020-07-30,1845.0,1950.0,1840.0,1936.55,1366456
2020-07-31,1932.0,1969.0,1886.9,1926.2,1220905
2020-08-03,1922.0,1953.75,1897.0,1928.65,455332
2020-08-04,1932.3,1958.4,1905.25,1944.45,396028
2020-08-05,1944.45,1966.95,1910.45,1918.6,507874
2020-08-06,1916.0,2039.85,1916.0,2023.7,2105728
2020-08-07,2020.0,2036.6,1971.15,1988.85,805159
2020-08-10,1995.0,2017.1,1980.0,1989.15,278255
2020-08-11,2000.0,2079.0,1964.05,1977.8,1278515
2020-08-12,1975.0,2018.9,1941.65,2001.95,601923
2020-08-13,2003.0,2044.5,1981.5,1988.35,478535
2020-08-14,1999.0,2030.0,1968.0,1976.1,338524
2020-08-17,1994.25,2049.0,1978.3,1995.45,798426
2020-08-18,2001.0,2028.0,1989.0,2011.5,324744
2020-08-19,2016.9,2049.3,2004.45,2017.45,403938
2020-08-20,2000.0,2028.0,1990.45,2002.5,102303
2020-08-21,2009.95,2019.4,1974.15,1984.6,126598
2020-08-24,1988.0,2000.0,1945.4,1955.45,140538
2020-08-25,1958.0,1973.25,1931.6,1943.55,113506
2020-08-26,1950.0,1958.6,1920.15,1950.1,102513
2020-08-27,1970.0,1975.0,1934.0,1940.15,149884
2020-08-28,1945.2,2024.45,1945.2,2001.45,156148
2020-08-31,2020.0,2035.0,1910.1,1924.0,190664
2020-09-01,1933.5,1949.95,1880.5,1891.0,113377
2020-09-02,1895.0,1959.9,1892.5,1945.95,83162
2020-09-03,1965.2,1992.55,1942.25,1960.45,153257
2020-09-04,1921.0,1974.7,1910.9,1919.1,83977
2020-09-07,1922.0,1947.15,1885.0,1922.5,79638
2020-09-08,1932.0,1984.9,1910.0,1944.15,225447
2020-09-09,1938.0,1938.0,1897.0,1909.75,94690
2020-09-10,1923.0,1933.15,1887.9,1911.75,86090
2020-09-11,1915.0,2102.9,1915.0,2090.6,1772918
2020-09-14,2087.3,2190.15,2062.8,2154.7,1091182
2020-09-15,2155.0,2173.25,2125.0,2144.85,354351
2020-09-16,2140.0,2199.7,2131.55,2181.55,254580
2020-09-17,2178.0,2272.0,2156.2,2257.7,691066
2020-09-18,2249.0,2249.0,2184.0,2193.7,293783
2020-09-21,2205.0,2265.5,2083.7,2102.75,743398
2020-09-22,2105.0,2200.0,2057.4,2161.3,507668
2020-09-23,2190.0,2242.0,2150.0,2223.4,580960
2020-09-24,2210.0,2215.55,2099.3,2114.45,297312
2020-09-25,2135.0,2325.85,2114.45,2304.35,1170054
2020-09-28,2328.05,2393.0,2301.2,2384.0,625090
2020-09-29,2395.0,2420.0,2316.0,2330.85,428105
2020-09-30,2340.0,2347.95,2280.0,2322.2,331363
2020-10-01,2338.0,2356.0,2305.0,2335.8,305728
2020-10-05,2354.8,2438.95,2330.35,2345.1,558324
2020-10-06,2354.5,2414.8,2322.0,2403.6,411099
2020-10-07,2405.0,2429.0,2351.45,2395.4,244624
2020-10-08,2450.0,2554.9,2437.25,2467.35,1017006
2020-10-09,2468.95,2499.95,2420.0,2466.45,328969
2020-10-12,2467.0,2710.0,2467.0,2667.6,1741341
2020-10-13,2677.7,2814.0,2642.0,2797.5,1700016
2020-10-14,2701.25,2767.2,2595.0,2606.7,1356657
2020-10-15,2631.0,2649.8,2483.05,2508.65,1055096
2020-10-16,2528.0,2598.0,2467.25,2577.2,1066656
2020-10-19,2588.0,2627.75,2518.0,2543.45,691197
2020-10-20,2536.0,2635.9,2523.15,2576.0,810729
2020-10-21,2582.0,2618.5,2480.55,2511.6,640089
2020-10-22,2521.05,2563.3,2433.15,2456.65,751377
2020-10-23,2500.0,2533.95,2340.0,2380.1,1667509
2020-10-26,2365.0,2399.15,2181.5,2212.15,6184703
2020-10-27,2180.0,2273.0,2178.4,2228.7,1004134
2020-10-28,2228.7,2280.0,2220.0,2242.3,554290
2020-10-29,2235.0,2255.8,2170.0,2200.7,635824
2020-10-30,2209.0,2278.8,2165.55,2205.65,800257
2020-11-02,2205.0,2226.05,2101.95,2117.9,429330
2020-11-03,2133.9,2171.5,2077.5,2129.55,688573
2020-11-04,2142.1,2229.4,2142.05,2183.75,832575
2020-11-05,2222.0,2229.0,2180.0,2197.75,357307
2020-11-06,2209.25,2222.8,2180.7,2218.05,391952
2020-11-09,2246.3,2339.0,2226.25,2330.15,1026412
2020-11-10,2340.0,2346.0,2210.7,2223.9,758606
2020-11-11,2224.0,2301.75,2214.25,2289.7,570470
2020-11-12,2276.0,2354.5,2237.0,2335.25,706611
2020-11-13,2328.0,2358.7,2284.0,2304.3,386871
2020-11-17,2329.0,2329.0,2272.35,2303.9,273684
2020-11-18,2310.0,2335.0,2291.6,2318.05,287839
2020-11-19,2320.0,2390.0,2310.0,2331.4,701805
2020-11-20,2347.0,2405.0,2317.0,2355.0,716526
2020-11-23,2366.0,2449.0,2349.35,2424.65,604392
2020-11-24,2433.75,2485.0,2426.7,2453.05,559738
2020-11-25,2457.9,2482.85,2412.2,2424.45,412912
2020-11-26,2428.95,2495.0,2420.3,2451.3,479070
2020-11-27,2460.85,2478.95,2393.0,2400.65,286800
2020-12-01,2404.0,2476.2,2385.0,2455.4,315214
2020-12-02,2465.0,2481.6,2407.0,2443.25,351021
2020-12-03,2453.0,2514.0,2451.25,2484.6,754884
2020-12-04,2497.0,2497.0,2435.8,2448.15,198270
2020-12-07,2449.9,2485.0,2448.35,2455.7,315825
2020-12-08,2464.3,2493.0,2411.0,2477.45,394651
2020-12-09,2480.0,2564.55,2474.05,2507.6,746184
2020-12-10,2510.0,2511.8,2455.7,2481.45,230710
2020-12-11,2481.45,2525.0,2465.5,2498.0,264368
2020-12-14,2501.0,2519.0,2483.0,2503.15,135692
2020-12-15,2507.1,2558.4,2488.85,2540.55,352227
2020-12-16,2545.0,2552.85,2505.0,2534.1,236588
2020-12-17,2512.0,2549.65,2496.8,2510.55,141877
2020-12-18,2530.0,2625.0,2530.0,2556.8,974484
2020-12-21,2560.0,2628.05,2305.0,2390.0,656398
2020-12-22,2414.0,2596.65,2340.0,2563.25,786285
2020-12-23,2575.0,2661.0,2546.45,2632.2,778684
2020-12-24,2621.1,2687.0,2590.3,2652.55,602081
2020-12-28,2670.0,2715.0,2663.15,2690.9,434904
2020-12-29,2690.65,2729.9,2667.85,2680.5,333175
2020-12-30,2687.0,2708.0,2657.05,2694.6,239993
2020-12-31,2696.0,2714.75,2665.0,2705.15,174951
2021-01-01,2703.25,2748.0,2685.85,2722.25,216707
2021-01-04,2750.9,2867.25,2720.0,2838.55,523092
2021-01-05,2840.0,2906.0,2811.1,2872.0,632700
2021-01-06,2885.0,2909.55,2761.0,2801.55,436700
2021-01-07,2830.0,2850.0,2730.0,2740.8,353871
2021-01-08,2776.5,2825.0,2745.0,2804.2,498550
2021-01-11,2820.2,2848.0,2766.45,2817.05,495254
2021-01-12,2812.4,2831.5,2751.75,2765.05,222325
2021-01-13,2779.0,2797.5,2666.55,2730.2,344090
2021-01-14,2742.4,2753.1,2671.65,2734.0,370372
2021-01-15,2753.45,2762.8,2610.0,2637.8,375519
2021-01-18,2648.0,2655.0,2491.75,2495.0,409846
2021-01-19,2537.9,2553.0,2475.0,2517.0,425560
2021-01-20,2530.0,2647.35,2526.0,2620.15,573221
2021-01-21,2638.0,2759.2,2535.2,2554.65,379237
2021-01-22,2572.25,2587.8,2482.9,2491.0,324604
2021-01-25,2496.0,2511.3,2371.85,2397.65,340172
2021-01-27,2407.9,2485.0,2371.35,2448.05,479982
2021-01-28,2409.5,2427.95,2367.0,2420.1,292724
2021-01-29,2420.1,2476.8,2353.0,2392.8,655742
2021-02-01,2381.0,2442.3,2325.05,2423.8,240410
2021-02-02,2449.9,2498.0,2384.05,2453.05,451334
2021-02-03,2470.0,2552.0,2428.6,2523.25,456817
2021-02-04,2539.0,2561.7,2508.55,2534.0,286951
2021-02-05,2565.0,2572.55,2435.25,2498.95,574869
2021-02-08,2520.0,2640.45,2480.4,2604.65,486977
2021-02-09,2622.0,2643.9,2527.0,2543.65,354834
2021-02-10,2555.0,2620.0,2520.15,2605.65,340781
2021-02-11,2600.0,2659.0,2574.35,2640.6,224898
2021-02-12,2658.0,2699.9,2600.0,2611.8,381329
2021-02-15,2629.0,2650.0,2581.6,2595.1,115394
2021-02-16,2601.0,2653.0,2581.05,2615.0,341144
2021-02-17,2600.0,2616.0,2540.0,2583.3,203562
2021-02-18,2599.9,2666.1,2573.65,2610.0,339074
2021-02-19,2615.9,2644.9,2544.1,2570.25,209040
2021-02-22,2571.0,2586.55,2450.7,2471.0,151481
2021-02-23,2483.2,2525.0,2450.0,2465.35,179700
2021-02-24,2485.55,2513.95,2300.0,2498.45,141712
2021-02-25,2521.0,2561.0,2507.0,2518.85,132228
2021-02-26,2512.0,2590.0,2450.5,2539.95,248895
2021-03-01,2555.5,2569.0,2476.05,2504.2,122640
2021-03-02,2533.25,2619.0,2521.05,2601.3,286280
2021-03-03,2618.0,2698.0,2602.0,2674.55,325994
2021-03-04,2620.0,2694.85,2620.0,2635.55,165812
2021-03-05,2630.0,2655.1,2564.0,2585.65,147042
2021-03-08,2618.95,2631.8,2552.0,2563.15,136654
2021-03-09,2583.0,2631.0,2495.1,2582.8,187841
2021-03-10,2620.0,2757.0,2620.0,2734.0,1192809
2021-03-12,2742.0,2793.95,2711.0,2722.1,476072
2021-03-15,2740.0,2840.0,2727.0,2825.4,757142
2021-03-16,2840.0,3015.25,2825.0,2993.55,1308527
2021-03-17,2980.0,3032.0,2930.0,2949.55,784044
2021-03-18,2953.9,2989.95,2840.85,2874.4,467878
2021-03-19,2882.0,3000.0,2815.05,2966.75,481398
2021-03-22,2975.65,3012.8,2895.2,2921.2,325630
2021-03-23,2932.7,2964.25,2853.2,2866.55,238648
2021-03-24,2848.0,2894.6,2814.05,2825.65,288403
2021-03-25,2838.0,2839.45,2725.0,2751.4,298222
2021-03-26,2771.0,2844.0,2750.0,2796.05,249566
2021-03-30,2832.0,2988.0,2776.3,2940.0,703971
2021-03-31,2931.0,2946.0,2875.0,2919.0,337248
2021-04-01,2936.0,3070.8,2888.15,2924.0,831859
2021-04-05,2919.0,3059.9,2885.0,3036.6,766182
2021-04-06,3050.0,3069.95,2985.3,2998.95,511389
2021-04-07,2998.9,3139.7,2990.15,3107.65,998858
2021-04-08,3121.0,3184.95,3055.0,3078.95,637957
2021-04-09,3098.4,3181.9,3090.05,3167.85,567551
2021-04-12,3153.8,3195.45,3040.0,3118.3,685829
2021-04-13,3140.0,3150.0,2817.7,2890.5,1192148
2021-04-15,2870.0,3072.0,2870.0,3045.05,1197062
2021-04-16,3045.0,3222.9,3035.05,3171.95,1118339
2021-04-19,3050.95,3170.0,3050.95,3111.65,523509
2021-04-20,3129.0,3147.95,2987.75,3010.0,494538
2021-04-22,3018.6,3019.0,2864.95,2878.95,531578
2021-04-23,2890.0,2979.95,2843.3,2851.0,654815
2021-04-26,2869.9,2900.95,2799.8,2808.1,381677
2021-04-27,2832.7,2869.0,2785.0,2838.1,441787
2021-04-28,2839.75,2896.0,2825.0,2868.2,298249
2021-04-29,2871.9,2931.0,2830.9,2848.5,396340
2021-04-30,2843.8,2919.75,2820.6,2869.05,473500
2021-05-03,2875.95,2915.0,2831.0,2902.75,267046
2021-05-04,2920.0,2946.9,2844.6,2850.3,291601
2021-05-05,2856.4,2905.35,2835.3,2892.75,256465
2021-05-06,2905.0,3449.0,2821.85,3396.15,6409720
2021-05-07,3374.0,3544.8,3318.3,3380.75,3382649
2021-05-10,3374.95,3374.95,3142.7,3222.1,2405569
2021-05-11,3225.0,3469.9,3177.05,3418.4,2263807
2021-05-12,3411.0,3442.85,3336.05,3392.1,814138
2021-05-14,3391.0,3391.0,3276.15,3349.55,394246
2021-05-17,3372.0,3489.0,3336.05,3367.45,704285
2021-05-18,3376.0,3515.35,3369.05,3430.2,881918
2021-05-19,3399.0,3457.6,3251.55,3277.75,3428793
2021-05-20,3277.75,3359.4,3265.0,3323.2,1314566
2021-05-21,3350.0,3385.9,3315.25,3330.2,867150
2021-05-24,3348.0,3374.85,3261.7,3290.4,639870
2021-05-25,3300.0,3374.5,3295.5,3341.8,521586
2021-05-26,3345.0,3505.0,3345.0,3484.65,1357420
2021-05-27,3498.7,3564.1,3460.75,3495.9,1265975
2021-05-28,3510.0,3585.0,3500.0,3544.0,649359
2021-05-31,3558.0,3579.0,3511.1,3529.4,418036
2021-06-01,3540.0,3598.0,3505.9,3588.6,427942
2021-06-02,3588.0,3610.0,3530.0,3575.65,370806
2021-06-03,3575.0,3659.55,3560.0,3644.45,517865
2021-06-04,3660.0,3715.0,3650.0,3694.1,663414
2021-06-07,3694.1,3732.0,3662.45,3713.4,336517
2021-06-08,3717.0,3849.4,3717.0,3824.1,958599
2021-06-09,3840.0,3968.0,3831.95,3848.55,1103530
2021-06-10,3878.8,3940.0,3870.0,3896.9,394012
2021-06-11,3916.4,4009.7,3906.0,3978.95,601271
2021-06-14,4013.95,4013.95,3873.05,3908.45,446588
2021-06-15,3925.45,3989.0,3925.45,3944.85,280239
2021-06-16,3962.95,4026.0,3911.0,3977.5,451866
2021-06-17,3963.7,4015.55,3941.15,3978.6,229717
2021-06-18,4010.0,4048.85,3870.0,3971.05,412473
2021-06-21,3959.95,4028.75,3878.2,4008.65,298868
2021-06-22,4044.75,4044.75,3963.25,3978.65,279057
2021-06-23,3996.45,4028.7,3920.0,3935.85,297050
2021-06-24,3964.0,4090.0,3947.8,4072.85,457103
2021-06-25,4100.75,4157.7,4055.0,4097.7,548604
2021-06-28,4110.0,4138.0,4065.0,4122.45,201261
2021-06-29,4121.85,4121.85,4032.0,4061.3,289163
2021-06-30,4070.0,4174.0,4070.0,4157.3,389969
2021-07-01,4159.9,4205.1,4106.5,4193.6,283720
2021-07-02,4195.0,4256.0,4090.05,4196.95,713789
2021-07-05,4201.0,4279.0,4180.05,4219.2,414280
2021-07-06,4235.0,4238.0,4134.05,4193.15,452901
2021-07-07,4190.0,4259.0,4120.05,4245.05,364899
2021-07-08,4217.0,4520.15,4215.0,4464.6,861792
2021-07-09,4449.0,4479.0,4295.0,4356.55,778988
2021-07-12,4360.0,4409.85,4313.0,4388.25,398389
2021-07-13,4400.0,4419.75,4300.0,4320.35,208572
2021-07-14,4339.45,4558.8,4339.0,4534.7,930195
2021-07-15,4544.4,4610.0,4488.95,4589.6,527389
2021-07-16,4575.8,4582.0,4500.5,4547.75,284013
2021-07-19,4539.95,4663.0,4505.0,4544.45,348507
2021-07-20,4567.0,4578.7,4474.45,4541.3,310084
2021-07-22,4558.85,4690.0,4555.0,4663.2,316712
2021-07-23,4678.0,4767.3,4671.3,4688.45,370746
2021-07-26,4686.0,4759.9,4680.0,4717.55,257303
2021-07-27,4745.0,4759.0,4685.0,4723.4,183574
2021-07-28,4725.0,4849.9,4563.6,4742.95,981302
2021-07-29,4825.0,5201.0,4825.0,5171.55,1557298
2021-07-30,5188.0,5230.0,5035.05,5083.9,504421
2021-08-02,5114.6,5188.0,5090.05,5142.1,207068
2021-08-03,5187.55,5213.5,4933.55,4964.6,498197
2021-08-04,4860.1,4873.0,4642.25,4723.8,7451757
2021-08-05,4764.0,4844.0,4740.0,4768.5,801906
2021-08-06,4780.0,4840.0,4762.0,4789.65,403102
2021-08-09,4780.0,4834.1,4749.15,4799.6,300321
2021-08-10,4824.0,4906.85,4760.0,4811.35,478452
2021-08-11,4830.0,4864.0,4664.15,4690.8,434881
2021-08-12,4730.0,4856.95,4720.05,4847.1,376225
2021-08-13,4850.0,4881.8,4789.95,4811.45,335581
2021-08-16,4840.0,4850.0,4753.1,4784.95,254097
2021-08-17,4795.9,4948.0,4786.95,4869.2,553891
2021-08-18,4908.85,5055.0,4872.3,4975.85,758653
2021-08-20,4948.0,5025.0,4805.85,4906.7,444577
2021-08-23,4936.9,5068.0,4901.65,4987.85,466364
2021-08-24,5012.75,5049.9,4815.55,4942.7,314094
2021-08-25,4970.0,5249.8,4962.0,4999.0,1420879
2021-08-26,5000.0,5125.0,4915.0,4968.75,510288
2021-08-27,4995.1,5128.55,4947.25,5077.0,481320
2021-08-30,5125.9,5154.35,5081.6,5121.45,252971
2021-08-31,5146.55,5336.6,5121.5,5208.75,650782
2021-09-01,5201.1,5246.3,5143.25,5167.55,199398
2021-09-02,5184.0,5199.9,5036.25,5157.95,381235
2021-09-03,5185.0,5312.95,5130.8,5243.25,620969
2021-09-06,5268.0,5302.0,5242.0,5281.0,312573
2021-09-07,5297.0,5312.7,5160.0,5179.55,227328
2021-09-08,5199.95,5214.4,5082.05,5136.1,306059
2021-09-09,5155.45,5183.6,5083.0,5114.95,224361
2021-09-13,5120.0,5226.0,5100.0,5177.85,387892
2021-09-14,5205.0,5339.65,5170.0,5295.55,396367
2021-09-15,5319.0,5407.85,5265.35,5369.3,445246
2021-09-16,5425.6,5518.9,5380.1,5465.45,658167
2021-09-17,5485.0,5525.0,5405.0,5444.7,300369
2021-09-20,5444.0,5544.65,5326.0,5350.65,313150
2021-09-21,5372.0,5557.75,5314.95,5531.5,395641
2021-09-22,5570.0,5649.0,5500.35,5560.35,348470
2021-09-23,5620.5,5674.65,5558.25,5652.75,220233
2021-09-24,5710.45,5832.95,5580.25,5649.0,468197
2021-09-27,5690.0,5695.1,5301.35,5415.1,622421
2021-09-28,5460.0,5460.4,5150.0,5214.8,522354
2021-09-29,5175.0,5299.9,5001.0,5260.7,580822
2021-09-30,5300.0,5321.8,5204.05,5241.3,355976
2021-10-01,5209.0,5325.0,5175.05,5279.5,264231
2021-10-04,5298.6,5368.0,5251.0,5337.95,189050
2021-10-05,5320.0,5411.35,5243.05,5382.4,282174
2021-10-06,5425.65,5459.95,5276.35,5301.8,306747
2021-10-07,5347.95,5499.0,5333.05,5448.95,232968
2021-10-08,5469.8,5730.0,5435.0,5645.85,568821
2021-10-11,5600.0,5600.0,5159.35,5362.05,500224
2021-10-12,5378.5,5413.95,5215.0,5279.4,379305
2021-10-13,5315.0,5350.0,5285.0,5337.8,180526
2021-10-14,5420.0,5790.0,5420.0,5604.1,814033
2021-10-18,5662.8,5691.95,5511.6,5604.85,312740
2021-10-19,5650.0,5990.0,5640.05,5861.4,930411
2021-10-20,5864.7,6030.0,5680.0,5820.4,550669
2021-10-21,5840.0,5849.3,5403.9,5448.45,566651
2021-10-22,5509.6,5565.0,5335.4,5397.5,417767
2021-10-25,5310.0,5345.0,4726.6,5069.3,1152746
2021-10-26,5118.0,5207.95,4962.05,5088.05,489882
2021-10-27,5113.45,5144.4,4983.15,5042.85,426492
2021-10-28,5064.0,5128.25,4950.1,5033.25,444979
2021-10-29,4976.0,5033.0,4834.1,4870.45,450428
2021-11-01,4930.0,5099.95,4890.0,5077.45,479263
2021-11-02,5121.0,5150.7,5019.45,5043.5,274999
2021-11-03,5054.8,5093.0,5009.0,5064.9,194231
2021-11-04,5085.0,5108.25,5065.3,5081.4,21617
2021-11-08,5100.0,5288.0,5025.0,5251.65,406770
2021-11-09,5270.0,5413.95,5211.1,5381.95,377386
2021-11-10,5375.0,5375.0,5287.9,5354.15,235037
2021-11-11,5335.1,5404.85,5257.65,5376.2,206501
2021-11-12,5431.0,5470.0,5369.85,5418.0,244516
2021-11-15,5410.35,5518.45,5396.15,5496.2,249802
2021-11-16,5600.0,5874.0,5572.0,5721.75,1651697
2021-11-17,5755.05,5937.55,5682.0,5839.35,689317
2021-11-18,5850.0,5857.6,5508.0,5572.1,598738
2021-11-22,5608.1,5608.1,5319.05,5428.25,260848
2021-11-23,5365.0,5504.65,5242.3,5455.9,293075
2021-11-24,5483.2,5497.7,5322.0,5377.7,321185
2021-11-25,5398.0,5535.0,5351.0,5502.8,208206
2021-11-26,5489.0,5530.0,5202.0,5267.65,439900
2021-11-29,5200.0,5359.15,5033.1,5292.75,249375
2021-11-30,5348.0,5470.0,5286.1,5431.6,373233
2021-12-01,5399.35,5454.3,5308.1,5378.6,347425
2021-12-02,5418.8,5438.0,5312.1,5414.15,455418
2021-12-03,5436.9,5479.45,5332.0,5350.15,209372
2021-12-06,5330.0,5370.0,5101.1,5125.25,249883
2021-12-07,5198.7,5290.0,5001.0,5208.5,489238
2021-12-08,5300.0,5342.5,5223.0,5252.45,244702
2021-12-09,5293.95,5300.5,5212.5,5270.25,129050
2021-12-10,5240.0,5338.75,5220.0,5315.35,173159
2021-12-13,5350.0,5587.0,5326.55,5476.45,401546
2021-12-14,5338.8,5496.25,5338.8,5439.45,233815
2021-12-15,5443.0,5474.0,5300.0,5312.8,218216
2021-12-16,5375.0,5455.0,5315.85,5355.35,296945
2021-12-17,5427.0,5498.5,5346.0,5392.95,360707
2021-12-20,5345.0,5345.0,5060.0,5181.95,322070
2021-12-21,5245.0,5430.0,5212.4,5396.9,330003
2021-12-22,5429.0,5525.0,5400.0,5474.2,343462
2021-12-23,5500.0,5570.0,5435.25,5455.5,204428
2021-12-24,5468.0,5668.75,5461.35,5645.6,517808
2021-12-27,5657.0,5674.65,5549.4,5618.15,294655
2021-12-28,5657.0,5732.95,5623.9,5655.7,271227
2021-12-29,5635.0,5695.0,5605.0,5649.1,160761
2021-12-30,5640.1,5910.0,5629.0,5860.65,544368
2021-12-31,5890.0,5923.45,5820.6,5890.35,276520
2022-01-03,5920.0,6005.0,5910.0,5973.15,312961
2022-01-04,6025.0,6135.0,5990.15,6105.4,669217
2022-01-05,6107.7,6107.7,5890.95,5939.5,696187
2022-01-06,5850.0,5984.4,5756.65,5931.15,343998
2022-01-07,5975.0,5975.0,5710.75,5756.2,251810
2022-01-10,5813.5,5813.5,5560.0,5580.55,380344
2022-01-11,5616.7,5887.9,5614.95,5767.15,768310
2022-01-12,5800.0,5838.75,5732.0,5788.35,246096
2022-01-13,5820.0,5864.8,5685.65,5726.65,209226
2022-01-14,5650.0,5710.0,5625.0,5688.55,183286
2022-01-17,5710.7,5720.0,5613.3,5628.0,170630
2022-01-18,5675.0,5675.0,5381.7,5410.2,278602
2022-01-19,5420.0,5459.15,5281.2,5408.25,338798
2022-01-20,5398.0,5440.0,5222.5,5310.85,292397
2022-01-21,5250.0,5385.0,5154.75,5200.35,249713
2022-01-24,5200.0,5200.0,4801.0,4824.95,388087
2022-01-25,4685.0,4878.25,4651.4,4781.65,263837
2022-01-27,4775.0,4775.0,4371.0,4400.8,543551
2022-01-28,4601.5,4825.0,4560.0,4713.25,1344133
2022-01-31,4807.0,4910.0,4763.1,4813.5,466619
2022-02-01,4925.0,4948.6,4715.05,4790.9,425010
2022-02-02,4809.0,4862.9,4756.4,4822.8,413069
2022-02-03,4829.0,4842.0,4660.05,4678.5,347569
2022-02-04,4675.0,4739.0,4588.0,4695.1,411521
2022-02-07,4690.0,4759.0,4613.0,4658.85,327157
2022-02-08,4677.0,4717.0,4545.0,4581.4,276669
2022-02-09,4625.0,4775.0,4610.05,4763.8,322221
2022-02-10,4790.0,4819.15,4713.5,4729.55,188286
2022-02-11,4645.0,4659.15,4525.0,4541.6,355001
2022-02-14,4370.0,4513.2,4300.0,4355.25,257780
2022-02-15,4390.0,4528.0,4331.5,4504.4,351084
2022-02-16,4572.0,4590.55,4430.1,4461.9,263626
2022-02-17,4473.0,4493.0,4364.0,4388.6,223742
2022-02-18,4335.1,4419.95,4305.05,4320.45,217360
2022-02-21,4300.0,4510.0,4240.0,4412.9,479555
2022-02-22,4205.1,4448.65,4205.1,4418.1,283211
2022-02-23,4455.0,4494.1,4390.0,4436.65,146695
2022-02-24,4302.25,4319.4,4188.55,4226.05,358480
2022-02-25,4325.0,4517.0,4260.0,4501.9,332829
2022-02-28,4370.0,4561.2,4370.0,4535.5,294206
2022-03-02,4500.0,4549.8,4480.0,4492.45,229823
2022-03-03,4550.0,4693.65,4493.05,4678.4,630484
2022-03-04,4646.0,4727.05,4554.75,4662.45,326327
2022-03-07,4513.35,4748.0,4481.15,4722.4,493455
2022-03-08,4741.5,4842.8,4672.6,4812.85,460570
2022-03-09,4857.2,4873.85,4526.0,4556.1,861200
2022-03-10,4349.75,4350.0,4227.4,4260.0,3662287
2022-03-11,4258.8,4329.5,4235.2,4298.3,771438
2022-03-14,4290.0,4394.75,4217.1,4375.2,721974
2022-03-15,4387.0,4410.0,4084.1,4151.6,993833
2022-03-16,4201.0,4359.9,4201.0,4350.45,860347
2022-03-17,4425.0,4435.0,4365.0,4411.05,961418
2022-03-21,4444.0,4485.0,4393.95,4433.9,285651
2022-03-22,4425.0,4480.0,4388.0,4457.7,217962
2022-03-23,4485.9,4497.0,4406.8,4435.45,165563
2022-03-24,4429.95,4499.0,4401.1,4478.95,315979
2022-03-25,4490.0,4525.0,4402.0,4423.05,307230
2022-03-28,4430.0,4440.2,4315.0,4337.65,230886
2022-03-29,4355.0,4422.0,4342.65,4407.95,198123
2022-03-30,4426.0,4532.0,4398.65,4521.95,327496
2022-03-31,4565.9,4565.9,4440.0,4457.5,246086
2022-04-01,4490.0,4498.0,4351.05,4414.85,330097
2022-04-04,4460.0,4545.0,4414.85,4511.6,319208
2022-04-05,4539.9,4605.0,4511.6,4557.6,359073
2022-04-06,4546.0,4554.0,4450.0,4464.25,244539
2022-04-07,4462.0,4493.9,4380.15,4389.15,358080
2022-04-08,4429.9,4433.55,4361.8,4373.15,186265
2022-04-11,4379.0,4392.6,4295.0,4312.3,255565
2022-04-12,4170.0,4294.0,4105.15,4147.1,405695
2022-04-13,4194.2,4239.0,4150.0,4160.8,230465
2022-04-18,4072.0,4119.85,3995.0,4071.75,412152
2022-04-19,4120.0,4167.35,3977.05,4027.3,329391
2022-04-20,4070.0,4070.0,3935.15,3981.7,359189
2022-04-21,4030.0,4106.9,3991.0,4093.05,291958
2022-04-22,4080.0,4150.05,4002.0,4129.25,278857
2022-04-25,4109.95,4109.95,3993.0,4001.45,215631
2022-04-26,4035.0,4060.0,4002.0,4042.85,110847
2022-04-27,4002.05,4050.0,3961.15,4032.95,156425
2022-04-28,4085.0,4140.05,4021.75,4101.15,187304
2022-04-29,4155.0,4250.0,4115.05,4200.2,328848
2022-05-02,4175.0,4175.0,4060.7,4116.55,130130
2022-05-04,4129.7,4185.0,4029.7,4058.45,138530
2022-05-05,4109.75,4216.9,4058.45,4171.6,252269
2022-05-06,4050.0,4056.65,3590.75,3905.4,1894205
2022-05-09,3863.65,3928.9,3767.0,3857.55,482319
2022-05-10,3850.0,3904.15,3634.45,3649.3,341964
2022-05-11,3690.0,3767.7,3595.0,3721.6,343644
2022-05-12,3675.2,3734.9,3552.25,3653.9,514608
2022-05-13,3755.0,3799.0,3659.15,3743.25,459879
2022-05-16,3750.65,3878.0,3744.05,3795.7,331975
2022-05-17,3820.0,3964.3,3810.75,3940.65,234291
2022-05-18,3947.85,4071.7,3920.25,3950.35,286320
2022-05-19,3830.0,3834.7,3624.0,3664.8,478763
2022-05-20,3759.0,3800.0,3672.2,3786.95,230550
2022-05-23,3818.0,3891.0,3768.45,3853.2,197987
2022-05-24,3873.95,3873.95,3698.15,3714.05,183500
2022-05-25,3714.05,3727.1,3436.6,3453.95,393015
2022-05-26,3490.0,3535.7,3353.0,3477.85,419377
2022-05-27,3515.0,3699.0,3515.0,3671.45,483150
2022-05-30,3775.0,3915.0,3752.55,3898.3,470643
2022-05-31,3912.95,3950.0,3831.1,3911.5,455797
2022-06-01,3911.5,3952.7,3767.0,3793.45,325416
2022-06-02,3793.45,3885.0,3763.05,3840.15,251059
2022-06-03,3939.0,4010.0,3737.4,3760.1,624675
2022-06-06,3749.05,3749.05,3574.6,3606.85,595666
2022-06-07,3595.0,3639.95,3532.55,3550.35,288049
2022-06-08,3584.0,3589.9,3456.7,3498.5,408376
2022-06-09,3474.8,3559.95,3435.0,3550.2,304889
2022-06-10,3498.0,3515.0,3391.2,3483.2,345340
2022-06-13,3410.0,3410.0,3301.05,3311.5,364406
2022-06-14,3263.0,3355.0,3220.1,3233.8,406521
2022-06-15,3299.9,3299.9,3218.1,3277.45,303870
2022-06-16,3345.0,3390.0,3261.25,3295.95,475210
2022-06-17,3300.0,3469.9,3275.05,3375.8,1396287
2022-06-20,3403.95,3448.0,3338.45,3369.7,433191
2022-06-21,3400.0,3625.0,3396.8,3594.25,588657
2022-06-22,3570.0,3570.0,3463.0,3503.05,383004
2022-06-23,3503.05,3708.9,3495.05,3678.85,314327
2022-06-24,3735.3,3738.85,3579.5,3647.35,372701
2022-06-27,3719.0,3828.0,3705.85,3791.1,449206
2022-06-28,3751.35,3781.85,3710.0,3735.2,309547
2022-06-29,3637.6,3706.0,3637.6,3662.25,398973
2022-06-30,3675.0,3698.55,3530.0,3539.3,273443
2022-07-01,3538.0,3538.0,3419.9,3488.05,536217
2022-07-04,3510.0,3534.85,3407.0,3505.85,199527
2022-07-05,3537.9,3584.4,3490.0,3542.55,334389
2022-07-06,3550.9,3624.0,3525.0,3608.2,251148
2022-07-07,3627.0,3720.0,3571.1,3609.45,458481
2022-07-08,3680.0,3680.0,3578.0,3606.65,380508
2022-07-11,3540.0,3559.9,3445.0,3502.85,358910
2022-07-12,3480.0,3554.0,3454.0,3518.2,204485
2022-07-13,3533.0,3580.2,3495.0,3505.3,318415
2022-07-14,3519.0,3538.95,3349.0,3417.25,498159
2022-07-15,3442.0,3474.95,3331.75,3378.65,454998
2022-07-18,3420.0,3484.0,3405.4,3441.65,385666
2022-07-19,3435.0,3435.0,3364.05,3411.6,485003
2022-07-20,3440.0,3555.0,3435.0,3535.9,481414
2022-07-21,3550.0,3730.0,3520.6,3620.75,780676
2022-07-22,3639.0,3799.0,3560.7,3726.45,1356800
2022-07-25,3690.0,3835.0,3685.05,3789.5,621911
2022-07-26,3767.95,3786.65,3688.4,3702.45,504143
2022-07-27,3717.9,3799.0,3677.55,3787.45,378706
2022-07-28,3817.45,3864.1,3787.0,3846.05,650203
2022-07-29,3920.0,3964.95,3891.45,3954.3,457560
2022-08-01,3960.0,3998.0,3899.95,3944.05,256442
2022-08-02,3919.9,3919.9,3803.0,3819.95,347053
2022-08-03,3829.0,3898.9,3819.35,3869.3,341981
2022-08-04,3895.0,3948.0,3820.0,3901.1,294928
2022-08-05,3902.0,3978.8,3894.95,3934.5,235303
2022-08-08,3939.05,3962.35,3870.0,3886.0,150519
2022-08-10,3886.0,3906.0,3810.0,3822.65,182039
2022-08-11,3859.0,3969.0,3846.0,3857.1,365479
2022-08-12,3869.75,3869.75,3785.0,3792.5,166103
2022-08-16,3815.7,3860.0,3797.0,3826.6,146850
2022-08-17,3844.0,3950.0,3812.8,3894.7,374744
2022-08-18,3894.0,3920.0,3803.3,3900.6,232765
2022-08-19,3921.0,4058.6,3891.0,3923.7,971119
2022-08-22,3860.0,3860.0,3750.0,3762.9,397821
2022-08-23,3660.0,3735.0,3613.05,3700.05,358552
2022-08-24,3718.0,3734.9,3674.0,3698.05,185628
2022-08-25,3721.95,3749.85,3666.05,3684.2,211487
2022-08-26,3713.0,3745.0,3651.25,3661.85,175186
2022-08-29,3431.0,3564.0,3431.0,3511.6,334612
2022-08-30,3560.0,3583.95,3537.35,3560.35,262053
2022-09-01,3550.0,3550.0,3459.2,3500.95,187095
2022-09-02,3529.0,3546.15,3461.0,3467.6,166004
2022-09-05,3470.5,3525.0,3462.6,3475.15,135099
2022-09-06,3508.0,3527.3,3438.0,3466.55,184159
2022-09-07,3449.0,3522.9,3434.65,3504.25,229273
2022-09-08,3540.0,3573.95,3487.45,3503.9,251454
2022-09-09,3530.0,3595.0,3491.35,3567.95,316998
2022-09-12,3589.0,3657.85,3582.1,3617.95,281970
2022-09-13,3650.0,3659.5,3595.3,3606.7,121824
2022-09-14,3480.0,3500.0,3437.05,3471.0,439066
2022-09-15,3500.0,3514.05,3405.0,3418.85,205813
2022-09-16,3405.0,3410.0,3262.0,3281.3,344389
2022-09-19,3279.0,3300.0,3210.05,3235.95,225209
2022-09-20,3279.0,3424.0,3274.6,3338.35,596888
2022-09-21,3315.0,3368.35,3300.0,3324.9,204744
2022-09-22,3299.95,3433.0,3275.3,3397.5,346376
2022-09-23,3388.25,3455.0,3322.85,3336.55,247536
2022-09-26,3320.0,3425.0,3305.7,3384.25,453811
2022-09-27,3434.0,3485.0,3360.0,3462.25,339759
2022-09-28,3456.0,3499.8,3426.0,3450.4,311289
2022-09-29,3467.7,3489.4,3351.0,3363.85,284959
2022-09-30,3380.7,3393.85,3328.05,3361.95,238512
2022-10-03,3370.0,3386.55,3295.0,3328.85,314854
2022-10-04,3370.85,3489.95,3370.85,3479.5,349318
2022-10-06,3496.9,3636.35,3495.0,3622.15,345909
2022-10-07,3622.15,3639.5,3563.25,3602.5,170159
2022-10-10,3530.0,3654.0,3507.2,3638.05,201548
2022-10-11,3656.25,3724.0,3580.0,3592.8,401672
2022-10-12,3640.95,3640.95,3547.85,3619.7,184978
2022-10-13,3620.0,3647.0,3580.0,3633.9,136976
2022-10-14,3680.0,3779.6,3665.05,3742.0,488895
2022-10-17,3728.0,3784.0,3684.05,3763.1,227894
2022-10-18,3781.95,3843.95,3775.0,3836.75,300885
2022-10-19,3849.0,3863.25,3805.0,3812.35,128346
2022-10-20,3805.0,3900.0,3737.0,3858.3,322194
2022-10-21,3854.9,3950.0,3788.95,3862.1,575384
2022-10-24,3925.0,3925.0,3862.15,3877.3,23829
2022-10-25,3893.8,3929.85,3845.0,3895.3,180109
2022-10-27,3890.3,3929.55,3830.0,3888.2,142379
2022-10-28,3860.0,3874.9,3704.95,3736.5,209630
2022-10-31,3755.2,3827.0,3748.5,3809.6,153348
2022-11-01,3848.0,3868.95,3812.0,3844.75,158752
2022-11-02,3785.0,3860.0,3785.0,3837.7,129764
2022-11-03,3780.0,3828.9,3768.1,3794.4,96877
2022-11-04,3795.0,3810.65,3722.75,3738.1,98508
2022-11-07,3748.0,3791.9,3700.0,3713.65,107320
2022-11-09,3741.0,3772.9,3663.65,3680.8,90815
2022-11-10,3646.9,3713.25,3640.0,3676.1,97716
2022-11-11,3755.0,3915.0,3755.0,3897.65,582166
2022-11-14,3929.0,4040.0,3904.2,4018.35,443135
2022-11-15,4032.0,4036.9,3912.15,3972.3,247184
2022-11-16,3992.0,4024.0,3920.0,3944.45,199333
2022-11-17,3935.0,3944.45,3852.1,3865.8,168855
2022-11-18,3880.0,3939.4,3758.25,3808.75,237510
2022-11-21,3750.0,3798.95,3740.0,3760.75,172333
2022-11-22,3779.0,3820.0,3755.85,3807.85,113967
2022-11-23,3827.0,3889.0,3821.0,3874.35,222260
2022-11-24,3893.75,3968.4,3870.0,3947.9,197123
2022-11-25,3963.85,3990.0,3925.0,3944.8,158305
2022-11-28,3920.0,3990.0,3919.95,3979.4,148043
2022-11-29,3970.0,4010.0,3941.35,3977.75,193016
2022-11-30,3978.85,4068.2,3960.0,4036.3,327153
2022-12-01,4086.0,4205.0,4050.95,4116.85,692646
2022-12-02,4137.0,4253.0,4120.1,4237.5,520580
2022-12-05,4265.0,4265.0,4176.1,4191.8,248429
2022-12-06,4155.0,4169.9,4045.05,4079.9,252522
2022-12-07,4040.05,4068.5,3992.0,4023.95,200268
2022-12-08,4025.0,4051.15,3975.0,3985.8,221417
2022-12-09,4025.0,4039.0,3857.4,3877.2,416316
2022-12-12,3852.0,3920.0,3792.3,3906.25,213899
2022-12-13,3940.0,3964.9,3899.45,3918.6,218138
2022-12-14,3958.0,4059.85,3950.0,3985.3,478608
2022-12-15,3965.0,3972.95,3861.65,3875.25,199128
2022-12-16,3835.0,3970.7,3800.1,3952.6,450725
2022-12-19,3951.0,3951.0,3875.55,3895.65,193851
2022-12-20,3879.8,3913.8,3830.0,3895.95,194227
2022-12-21,3928.0,3998.7,3897.45,3920.4,300118
2022-12-22,3972.0,3972.0,3816.5,3885.6,259588
2022-12-23,3821.0,3839.95,3704.0,3735.45,262007
2022-12-26,3749.0,3798.6,3702.3,3770.65,101347
2022-12-27,3785.0,3880.0,3784.0,3874.35,195425
2022-12-28,3825.5,3930.0,3817.0,3914.5,190347
2022-12-29,3875.7,3942.0,3861.05,3915.35,321786
2022-12-30,3970.0,4065.0,3801.6,3884.1,538404
2023-01-02,3903.55,4100.0,3811.0,3951.2,342096
2023-01-03,3959.0,4032.0,3926.25,4019.55,319505
2023-01-04,4009.05,4015.0,3935.85,3949.25,130496
2023-01-05,3958.0,3972.9,3907.25,3929.45,95607
2023-01-06,3939.8,3949.0,3880.05,3901.0,163783
2023-01-09,3940.0,4039.5,3940.0,4017.35,204667
2023-01-10,4000.0,4020.0,3956.6,3974.4,187377
2023-01-11,3990.95,4059.0,3911.4,3936.1,399848
2023-01-12,3960.0,3976.45,3851.05,3904.2,208072
2023-01-13,3927.0,3927.0,3790.5,3884.45,351833
2023-01-16,3900.0,3950.0,3856.6,3898.5,252525
2023-01-17,3898.5,3936.95,3880.2,3918.0,139585
2023-01-18,3922.0,3948.0,3911.0,3925.8,81445
2023-01-19,3900.0,3994.0,3878.0,3966.55,198704
2023-01-20,4041.0,4250.0,4041.0,4102.0,1986822
2023-01-23,4126.0,4417.0,4068.2,4358.9,1461912
2023-01-24,4358.9,4460.0,4302.0,4324.0,1169538
2023-01-25,4335.0,4362.0,4250.0,4272.7,521283
2023-01-27,4304.85,4371.2,4250.0,4294.1,744813
2023-01-30,4310.0,4454.45,4266.2,4418.65,578458
2023-01-31,4425.0,4425.0,4257.2,4378.9,345852
2023-02-01,4400.0,4429.7,4320.05,4352.75,162450
2023-02-02,4390.0,4512.0,4352.3,4433.9,634419
2023-02-03,4450.0,4487.25,4292.2,4308.6,448859
2023-02-06,4318.95,4342.95,4260.0,4317.8,175369
2023-02-07,4309.0,4379.15,4293.0,4302.6,148761
2023-02-08,4344.1,4474.0,4312.0,4329.45,740144
2023-02-09,4329.0,4360.0,4275.0,4340.5,329010
2023-02-10,4330.05,4370.0,4300.0,4334.3,225248
2023-02-13,4050.0,4124.75,4000.3,4032.25,8266976
2023-02-14,4017.0,4095.0,4010.0,4079.9,463716
2023-02-15,4080.0,4124.95,4065.0,4115.0,374514
2023-02-16,4154.9,4242.95,4127.5,4229.3,840561
2023-02-17,4195.0,4227.45,4152.0,4204.1,352234
2023-02-20,4204.1,4364.85,4175.0,4335.45,582774
2023-02-21,4340.0,4383.0,4295.0,4339.95,370734
2023-02-22,4300.0,4369.0,4278.9,4342.55,298410
2023-02-23,4375.0,4430.85,4324.2,4420.9,459676
2023-02-24,4430.0,4440.0,4358.2,4377.5,328145
2023-02-27,4382.0,4382.0,4156.0,4273.95,464622
2023-02-28,4274.0,4337.85,4264.65,4298.65,248384
2023-03-01,4293.6,4309.0,4241.35,4300.35,308649
2023-03-02,4300.0,4300.1,4225.55,4249.7,189586
2023-03-03,4290.0,4298.35,4240.0,4258.4,323212
2023-03-06,4284.95,4365.2,4280.0,4325.05,217860
2023-03-08,4280.0,4320.0,4251.05,4279.6,191539
2023-03-09,4295.0,4298.7,4244.0,4255.35,135724
2023-03-10,4209.0,4239.85,4117.95,4136.35,356622
2023-03-13,4157.05,4173.1,4065.05,4084.65,276903
2023-03-14,4100.0,4100.0,3845.4,3921.65,882238
2023-03-15,3960.0,4018.9,3855.0,3950.0,471814
2023-03-16,3914.1,3944.6,3836.05,3852.05,345380
2023-03-17,3901.0,3944.0,3880.0,3901.0,251758
2023-03-20,3855.05,3890.0,3750.0,3774.65,265001
2023-03-21,3790.0,3799.8,3703.1,3712.6,247097
2023-03-22,3760.0,3794.1,3713.95,3738.65,192120
2023-03-23,3718.05,3760.0,3658.0,3748.6,238035
2023-03-24,3770.0,3827.6,3670.0,3700.5,270367
2023-03-27,3666.0,3723.0,3622.95,3635.75,272921
2023-03-28,3656.7,3656.7,3580.0,3598.05,221987
2023-03-29,3580.0,3674.0,3564.75,3660.35,348767
2023-03-31,3694.0,3824.4,3680.05,3804.6,276257
2023-04-03,3850.0,3879.0,3771.3,3851.35,169214
2023-04-05,3851.0,4120.0,3821.1,4079.2,846030
2023-04-06,4065.0,4075.0,3968.0,4000.1,299686
2023-04-10,4039.95,4070.0,3991.0,4061.3,194276
2023-04-11,4061.3,4071.35,3995.0,4004.85,191875
2023-04-12,4020.0,4079.0,3995.0,4065.2,164378
2023-04-13,4050.0,4130.0,3992.0,4028.7,435584
2023-04-17,3888.0,3910.0,3752.0,3894.7,734627
2023-04-18,3919.3,4059.0,3851.45,4028.2,566799
2023-04-19,4028.2,4028.2,3882.85,3901.95,381701
2023-04-20,3920.0,4003.0,3800.25,3813.45,897633
2023-04-21,3810.1,3862.2,3770.05,3830.75,410881
2023-04-24,3845.0,3907.95,3780.0,3891.6,288023
2023-04-25,3900.7,3952.0,3840.0,3929.95,387700
2023-04-26,3933.0,3998.0,3885.2,3943.7,415676
2023-04-27,3926.0,4074.4,3926.0,4051.3,700170
2023-04-28,4089.0,4220.0,4080.05,4184.5,649355
2023-05-02,4188.9,4206.35,4089.9,4130.65,1158608
2023-05-03,4095.0,4141.95,4055.9,4099.25,442070
2023-05-04,4113.75,4139.3,4085.15,4104.95,316363
2023-05-05,4117.0,4126.8,4062.05,4117.6,197974
2023-05-08,4120.0,4126.3,4100.0,4116.25,179821
2023-05-09,4120.0,4172.0,4091.5,4125.05,354599
2023-05-10,4135.0,4150.0,4100.1,4125.4,115839
2023-05-11,4170.0,4179.0,4116.0,4124.8,329135
2023-05-12,4136.8,4160.45,4074.8,4085.65,211783
2023-05-15,4090.15,4144.7,4060.0,4131.3,116466
2023-05-16,4149.95,4252.85,4130.0,4204.0,497428
2023-05-17,4227.0,4234.05,4130.75,4214.0,333219
2023-05-18,4240.0,4255.0,4175.5,4206.15,204276
2023-05-19,4228.0,4303.45,4206.05,4278.15,343809
2023-05-22,4278.15,4385.0,4266.15,4370.95,358673
2023-05-23,4380.4,4420.0,4290.0,4304.5,276091
2023-05-24,4284.0,4303.5,4233.15,4255.4,158567
2023-05-25,4250.0,4319.0,4211.6,4297.25,280375
2023-05-26,4319.8,4507.15,4305.0,4459.95,634129
2023-05-29,4510.0,4510.0,4405.0,4420.15,214720
2023-05-30,4415.0,4468.8,4388.3,4400.15,270720
2023-05-31,4417.0,4605.5,4409.0,4555.1,706949
2023-06-01,4566.0,4590.9,4528.55,4562.15,220301
2023-06-02,4571.05,4649.5,4560.0,4590.8,302898
2023-06-05,4634.0,4634.0,4562.0,4592.45,146482
2023-06-06,4562.0,4562.0,4383.05,4415.5,372997
2023-06-07,4450.0,4469.95,4416.15,4452.05,127994
2023-06-08,4465.0,4465.0,4375.25,4385.55,128873
2023-06-09,4390.05,4434.4,4336.35,4408.0,209549
2023-06-12,4426.95,4565.0,4380.05,4506.3,484807
2023-06-13,4536.95,4578.0,4500.0,4567.9,262813
2023-06-14,4568.0,4651.2,4505.0,4619.6,398730
2023-06-15,4639.0,4639.0,4551.0,4582.95,158905
2023-06-16,4617.35,4628.9,4567.85,4579.95,214162
2023-06-19,4583.0,4623.45,4555.3,4560.0,135648
2023-06-20,4550.0,4580.0,4392.25,4579.95,254251
2023-06-21,4600.0,4678.8,4580.25,4605.0,303941
2023-06-22,4584.85,4585.0,4480.0,4537.0,278654
2023-06-23,4532.0,4532.0,4470.0,4485.0,172613
2023-06-26,4445.0,4624.7,4445.0,4615.35,252067
2023-06-27,4616.0,4713.5,4616.0,4700.0,352586
2023-06-28,4725.0,4737.25,4649.0,4672.0,264672
2023-06-30,4677.95,4755.0,4669.75,4713.45,218652
2023-07-03,4739.0,4739.0,4650.0,4678.0,142590
2023-07-04,4684.35,4748.9,4666.45,4700.0,144501
2023-07-05,4718.0,4768.95,4694.1,4725.0,133829
2023-07-06,4720.0,4750.5,4693.85,4742.0,83787
2023-07-07,4740.0,4819.1,4680.0,4686.05,306850
2023-07-10,4727.0,4727.0,4600.5,4604.1,138863
2023-07-11,4614.3,4709.95,4571.3,4693.0,323542
2023-07-12,4705.0,4705.0,4601.0,4656.0,289337
2023-07-13,4674.0,4814.45,4656.4,4763.0,437846
2023-07-14,4788.0,4966.4,4781.75,4925.0,653102
2023-07-17,4950.0,5052.8,4910.05,4955.0,502112
2023-07-18,4990.0,4997.7,4875.25,4954.0,452133
2023-07-19,4964.8,4965.85,4860.0,4875.0,381582
2023-07-20,4921.4,4921.4,4765.65,4780.0,298752
2023-07-21,4820.95,4915.0,4611.2,4648.7,1112085
2023-07-24,4668.0,4748.0,4642.6,4720.0,337113
2023-07-25,4739.0,4739.0,4678.3,4680.1,174842
2023-07-26,4699.0,4770.0,4699.0,4719.0,160715
2023-07-27,4728.0,4752.9,4662.8,4698.75,158950
2023-07-28,4699.95,4710.8,4630.4,4684.95,113457
2023-07-31,4690.0,4729.5,4675.6,4705.0,164021
2023-08-01,4727.0,4851.0,4691.75,4844.0,352457
2023-08-02,4845.0,4845.45,4700.05,4770.0,145833
2023-08-03,4745.0,4793.9,4717.5,4748.55,260372
2023-08-04,4800.0,4893.7,4788.65,4885.0,245905
2023-08-07,4914.0,4958.0,4886.0,4937.05,183075
2023-08-08,4966.95,5018.95,4934.35,4986.0,233508
2023-08-09,4989.95,5090.0,4960.25,5071.0,343319
2023-08-10,5067.95,5225.0,5050.0,5158.0,624454
2023-08-11,5173.0,5285.0,5169.0,5261.1,604095
2023-08-14,5267.9,5348.0,5221.65,5275.0,517650
2023-08-16,5202.0,5419.85,5041.2,5101.0,693015
2023-08-17,5093.1,5126.95,4967.0,5015.0,712191
2023-08-18,5000.0,5028.4,4900.0,4931.0,452631
2023-08-21,4946.95,5020.5,4919.2,4997.05,237246
2023-08-22,5040.0,5042.15,4952.0,4960.0,171157
2023-08-23,4980.0,4996.05,4857.8,4894.0,438344
2023-08-24,4750.0,5402.0,4730.15,5375.0,21953212
2023-08-25,5269.8,5392.85,5165.0,5257.7,1828188
2023-08-28,5256.2,5300.1,5160.0,5175.0,513879
2023-08-29,5199.0,5273.3,5088.15,5225.0,1017194
2023-08-30,5248.95,5353.9,5203.2,5315.15,705742
2023-08-31,5320.0,5490.0,5310.0,5449.0,1191957
2023-09-01,5454.95,5506.4,5427.35,5451.9,364138
2023-09-04,5461.0,5504.0,5411.1,5489.0,557111
2023-09-05,5499.0,5635.0,5481.45,5611.5,625240
2023-09-06,5634.0,5762.7,5576.15,5625.6,1124517
2023-09-07,5600.0,5649.0,5524.65,5610.35,394065
2023-09-08,5625.0,5625.0,5529.55,5550.6,280869
2023-09-11,5588.0,5588.4,5492.3,5515.7,314269
2023-09-12,5569.0,5589.5,5424.5,5459.5,245635
2023-09-13,5449.0,5479.95,5368.2,5437.15,293470
2023-09-14,5479.0,5539.95,5445.0,5456.65,202149
2023-09-15,5511.2,5630.0,5494.85,5618.9,462273
2023-09-18,5593.0,5626.45,5528.75,5536.0,281031
2023-09-20,5530.0,5544.0,5402.0,5418.0,266063
2023-09-21,5395.5,5406.95,5290.0,5336.3,377880
2023-09-22,5336.0,5370.4,5251.35,5293.45,296925
2023-09-25,5320.0,5339.95,5260.1,5285.9,190214
2023-09-26,5260.0,5260.15,5170.3,5193.2,295546
2023-09-27,5205.95,5265.7,5189.05,5204.95,428881
2023-09-28,5236.95,5251.65,5077.55,5123.3,448004
2023-09-29,5144.9,5165.0,5050.0,5104.45,567361
2023-10-03,5085.0,5192.2,5036.65,5106.6,579787
2023-10-04,5119.0,5149.0,5025.0,5135.75,333736
2023-10-05,5155.0,5243.7,5151.0,5205.7,312135
2023-10-06,5240.9,5242.95,5166.25,5185.55,195339
2023-10-09,5161.0,5216.9,5118.9,5138.75,179747
2023-10-10,5180.0,5228.0,5125.85,5196.25,269859
2023-10-11,5239.9,5282.9,5111.0,5154.65,557514
2023-10-12,5171.9,5189.0,5068.0,5096.9,619118
2023-10-13,5058.0,5138.95,4997.75,5006.65,437090
2023-10-16,5010.0,5088.8,5001.35,5040.15,341417
2023-10-17,5077.9,5094.0,5022.35,5061.7,215994
2023-10-18,5075.95,5150.0,5025.0,5092.1,626397
2023-10-19,5050.3,5280.0,5050.3,5108.8,1046540
2023-10-20,5123.0,5167.75,4980.0,5000.1,473723
2023-10-23,5000.1,5019.9,4900.0,4915.4,538344
2023-10-25,4949.0,4977.0,4863.05,4899.05,338564
2023-10-26,4880.0,4956.85,4756.55,4904.4,878546
2023-10-27,4926.0,5030.0,4925.55,5008.95,540268
2023-10-30,4998.8,5026.0,4948.05,4991.1,266860
2023-10-31,5029.95,5029.95,4952.7,4984.25,224233
2023-11-01,4998.0,5072.65,4965.2,5026.6,331862
2023-11-02,5076.9,5080.0,5022.1,5056.4,191341
2023-11-03,5086.0,5148.0,5062.3,5083.1,155733
2023-11-06,5130.9,5153.0,5088.2,5115.3,263008
2023-11-07,5124.9,5124.9,5065.65,5087.6,64545
2023-11-08,5126.95,5139.35,5073.9,5111.7,93686
2023-11-09,5111.0,5164.0,5105.0,5128.1,117160
2023-11-10,5100.0,5149.0,5074.0,5139.0,156660
2023-11-12,5165.0,5176.4,5116.5,5136.25,13699
2023-11-13,5128.8,5128.8,5031.5,5085.2,266893
2023-11-15,5145.7,5354.55,5125.2,5343.25,467034
2023-11-16,5329.25,5738.95,5307.6,5701.1,1104408
2023-11-17,5685.0,5749.85,5605.0,5674.95,487295
2023-11-20,5670.05,5846.25,5651.2,5708.45,482383
2023-11-21,5730.0,5789.6,5612.4,5625.4,236253
2023-11-22,5648.9,5665.1,5583.0,5626.1,196944
2023-11-23,5640.4,5669.9,5590.6,5620.0,191077
2023-11-24,5637.65,5653.2,5550.0,5618.55,144526
2023-11-28,5624.6,5640.0,5492.45,5566.3,238937
2023-11-29,5576.75,5714.85,5576.75,5694.75,552016
2023-11-30,5699.0,5770.0,5675.0,5760.85,351758
2023-12-01,5810.0,5810.85,5695.0,5714.0,177578
2023-12-04,5795.0,5795.0,5655.05,5675.95,184861
2023-12-05,5656.5,5674.45,5506.0,5605.85,322669
2023-12-06,5606.0,5755.4,5606.0,5701.75,460212
2023-12-07,5702.7,5755.0,5650.2,5700.65,203360
2023-12-08,5719.0,5919.95,5690.05,5783.0,826910
2023-12-11,5808.0,5908.0,5798.65,5864.75,484446
2023-12-12,5875.0,5958.8,5840.05,5856.65,360216
2023-12-13,5859.95,5874.8,5692.55,5830.45,405773
2023-12-14,5890.0,6205.85,5888.05,6156.7,1243260
2023-12-15,6196.7,6530.0,6175.05,6439.85,1260254
2023-12-18,6430.0,6478.1,6331.05,6441.1,603544
2023-12-19,6439.95,6440.0,6261.0,6273.4,327439
2023-12-20,6310.0,6357.4,6014.9,6039.05,485530
2023-12-21,5959.95,6175.0,5922.05,6127.9,366697
2023-12-22,6130.05,6323.65,6110.05,6290.2,477031
2023-12-26,6300.0,6342.7,6245.0,6276.05,256576
2023-12-27,6317.0,6394.95,6280.9,6299.4,348740
2023-12-28,6325.0,6325.0,6240.05,6272.35,320910
2023-12-29,6278.0,6320.0,6213.0,6284.85,220563
2024-01-01,6289.95,6289.95,6181.0,6192.55,183642
2024-01-02,6210.0,6217.4,6001.0,6038.3,315763
2024-01-03,6049.4,6050.0,5841.55,5928.2,400286
2024-01-04,5945.0,6037.0,5911.6,5954.05,210040
2024-01-05,5954.1,6148.85,5954.1,6080.0,498803
2024-01-08,6134.95,6135.0,6009.0,6055.0,331217
2024-01-09,6190.0,6274.6,6052.8,6067.85,423485
2024-01-10,6087.7,6173.45,6039.05,6152.25,208245
2024-01-11,6260.0,6340.0,6223.45,6238.1,431230
2024-01-12,6350.0,6615.0,6338.0,6592.7,1252771
2024-01-15,6699.9,6789.0,6582.7,6614.05,731362
2024-01-16,6660.0,6660.0,6511.95,6597.0,263369
2024-01-17,6495.1,6662.0,6482.0,6626.95,299390
2024-01-18,6595.45,6602.45,6263.05,6486.6,541380
2024-01-19,6529.9,6548.9,6372.0,6415.35,400947
